{"prime":{"0":57,"1":58,"2":59,"3":59,"4":69,"5":76,"6":76,"7":77,"8":616,"9":616,"10":616,"11":616,"12":618,"13":618,"14":618,"15":619,"16":621,"17":621,"18":621,"19":621,"20":624,"21":624,"22":625,"23":625,"24":628,"25":628,"26":629,"27":629,"28":630,"29":630,"30":631,"31":631,"32":634,"33":634,"34":635,"35":635,"36":636,"37":636,"38":1106,"39":1112,"40":1112,"41":1116,"42":1116,"43":1116,"44":1116,"45":1116,"46":1175,"47":1176,"48":1177,"49":1178,"50":1179,"51":1187,"52":1192,"53":1197,"54":1198},"target":{"0":57,"1":58,"2":59,"3":619,"4":69,"5":76,"6":619,"7":77,"8":616,"9":618,"10":619,"11":621,"12":616,"13":618,"14":619,"15":619,"16":616,"17":618,"18":619,"19":621,"20":619,"21":624,"22":619,"23":625,"24":619,"25":628,"26":619,"27":629,"28":619,"29":630,"30":619,"31":631,"32":619,"33":634,"34":625,"35":635,"36":619,"37":636,"38":1106,"39":619,"40":1112,"41":625,"42":631,"43":1116,"44":1175,"45":1179,"46":1175,"47":1176,"48":1177,"49":1178,"50":1179,"51":1187,"52":1192,"53":1197,"54":1198},"x1":{"0":7,"1":410,"2":103,"3":469,"4":53,"5":18,"6":145,"7":0,"8":274,"9":565,"10":960,"11":366,"12":626,"13":926,"14":1608,"15":7839,"16":409,"17":425,"18":813,"19":33,"20":780,"21":159,"22":985,"23":163,"24":1411,"25":146,"26":344,"27":28,"28":311,"29":20,"30":423,"31":87,"32":195,"33":15,"34":12,"35":2,"36":136,"37":9,"38":0,"39":798,"40":97,"41":24,"42":20,"43":16,"44":35,"45":28,"46":2964,"47":3805,"48":604,"49":377,"50":2071,"51":240,"52":1583,"53":18,"54":0},"n1":{"0":209,"1":7643,"2":3147,"3":3147,"4":2774,"5":831,"6":831,"7":92,"8":6673,"9":6673,"10":6673,"11":6673,"12":8702,"13":8702,"14":8702,"15":39671,"16":2820,"17":2820,"18":2820,"19":2820,"20":3595,"21":3595,"22":3865,"23":3865,"24":5006,"25":5006,"26":1617,"27":1617,"28":1436,"29":1436,"30":2054,"31":2054,"32":1197,"33":1197,"34":193,"35":193,"36":663,"37":663,"38":534,"39":2928,"40":2928,"41":173,"42":173,"43":173,"44":173,"45":173,"46":29064,"47":31858,"48":10949,"49":7598,"50":19242,"51":7690,"52":19369,"53":919,"54":172},"p1":{"0":0.033492823,"1":0.0536438571,"2":0.0327295837,"3":0.149030823,"4":0.0191059841,"5":0.0216606498,"6":0.174488568,"7":0.0,"8":0.0410609921,"9":0.0846695639,"10":0.1438633298,"11":0.0548478945,"12":0.0719374856,"13":0.106412319,"14":0.1847851069,"15":0.1976002622,"16":0.145035461,"17":0.1507092199,"18":0.2882978723,"19":0.0117021277,"20":0.2169680111,"21":0.0442280946,"22":0.254851229,"23":0.0421733506,"24":0.2818617659,"25":0.029165002,"26":0.2127396413,"27":0.0173160173,"28":0.2165738162,"29":0.0139275766,"30":0.20593963,"31":0.0423563778,"32":0.1629072682,"33":0.0125313283,"34":0.0621761658,"35":0.0103626943,"36":0.2051282051,"37":0.0135746606,"38":0.0,"39":0.2725409836,"40":0.0331284153,"41":0.1387283237,"42":0.1156069364,"43":0.0924855491,"44":0.2023121387,"45":0.161849711,"46":0.1019818332,"47":0.1194362484,"48":0.0551648552,"49":0.0496183206,"50":0.1076291446,"51":0.0312093628,"52":0.0817285353,"53":0.0195865071,"54":0.0},"x2":{"0":324,"1":11956,"2":4991,"3":66119,"4":4530,"5":1357,"6":66730,"7":167,"8":9075,"9":11052,"10":65101,"11":3102,"12":8446,"13":10407,"14":64016,"15":51632,"16":8895,"17":11358,"18":65613,"19":3686,"20":65449,"21":5689,"22":65012,"23":6850,"24":64317,"25":8106,"26":66219,"27":3008,"28":66378,"29":2611,"30":66116,"31":3695,"32":66598,"33":2111,"34":7163,"35":361,"36":66713,"37":1194,"38":977,"39":65412,"40":5214,"41":7135,"42":3865,"43":291,"44":50428,"45":34404,"46":44519,"47":46750,"48":17419,"49":11796,"50":30312,"51":11880,"52":30310,"53":1652,"54":318},"n2":{"0":710230,"1":695745,"2":704448,"3":704448,"4":705171,"5":708986,"6":708986,"7":710456,"8":697625,"9":697625,"10":697625,"11":697625,"12":693769,"13":693769,"14":693769,"15":636235,"16":705198,"17":705198,"18":705198,"19":705198,"20":703555,"21":703555,"22":703023,"23":703023,"24":700831,"25":700831,"26":707423,"27":707423,"28":707782,"29":707782,"30":706573,"31":706573,"32":708254,"33":708254,"34":710256,"35":710256,"36":709323,"37":709323,"38":709576,"39":704847,"40":704847,"41":710302,"42":710302,"43":710302,"44":710302,"45":710302,"46":654339,"47":649361,"48":689157,"49":695615,"50":673323,"51":695544,"52":673442,"53":708808,"54":710297},"p2":{"0":0.0004561902,"1":0.0171844569,"2":0.00708498,"3":0.0938593054,"4":0.0064239738,"5":0.0019140011,"6":0.0941203352,"7":0.0002350603,"8":0.0130084214,"9":0.0158423222,"10":0.0933180434,"11":0.004446515,"12":0.012174081,"13":0.0150006703,"14":0.0922727882,"15":0.0811524044,"16":0.0126134788,"17":0.0161061149,"18":0.0930419542,"19":0.0052269008,"20":0.0930261316,"21":0.0080860771,"22":0.0924749261,"23":0.0097436357,"24":0.0917724815,"25":0.0115662692,"26":0.0936059472,"27":0.0042520529,"28":0.093783114,"29":0.003688989,"30":0.0935727802,"31":0.0052294667,"32":0.0940312374,"33":0.0029805691,"34":0.0100850961,"35":0.0005082674,"36":0.0940516521,"37":0.0016832952,"38":0.0013768786,"39":0.092803119,"40":0.0073973501,"41":0.0100450231,"42":0.0054413475,"43":0.0004096849,"44":0.0709951542,"45":0.0484357358,"46":0.0680365988,"47":0.0719938524,"48":0.025275808,"49":0.0169576562,"50":0.0450185127,"51":0.017080156,"52":0.0450075879,"53":0.0023306735,"54":0.0004477},"p1-p2":{"0":0.0330366327,"1":0.0364594002,"2":0.0256446037,"3":0.0551715176,"4":0.0126820104,"5":0.0197466487,"6":0.0803682328,"7":-0.0002350603,"8":0.0280525706,"9":0.0688272417,"10":0.0505452865,"11":0.0504013795,"12":0.0597634046,"13":0.0914116488,"14":0.0925123187,"15":0.1164478578,"16":0.1324219822,"17":0.134603105,"18":0.1952559182,"19":0.0064752268,"20":0.1239418796,"21":0.0361420174,"22":0.1623763028,"23":0.0324297149,"24":0.1900892844,"25":0.0175987328,"26":0.1191336941,"27":0.0130639644,"28":0.1227907021,"29":0.0102385876,"30":0.1123668498,"31":0.0371269111,"32":0.0688760308,"33":0.0095507592,"34":0.0520910697,"35":0.0098544269,"36":0.1110765531,"37":0.0118913654,"38":-0.0013768786,"39":0.1797378646,"40":0.0257310652,"41":0.1286833006,"42":0.1101655889,"43":0.0920758642,"44":0.1313169846,"45":0.1134139752,"46":0.0339452344,"47":0.0474423959,"48":0.0298890473,"49":0.0326606644,"50":0.0626106319,"51":0.0141292068,"52":0.0367209474,"53":0.0172558336,"54":-0.0004477},"OR":{"0":75.9280955873,"1":3.2419147871,"2":4.7420488943,"3":1.6907545656,"4":3.0126222099,"5":11.5453667875,"6":2.0343746327,"7":0.0,"8":3.2488323546,"9":5.7463921965,"10":1.6326622754,"11":12.9928101747,"12":6.289588801,"13":7.8195183896,"14":2.2298547332,"15":2.7882957061,"16":13.2793987367,"17":10.8402895185,"18":3.9486764319,"19":2.2534957571,"20":2.7015064975,"21":5.6764925921,"22":3.3564360928,"23":4.4748429139,"24":3.884277958,"25":2.5672658773,"26":2.6166379983,"27":4.1265289624,"28":2.6712551213,"29":3.8146466384,"30":2.5122902452,"31":8.4135717003,"32":1.8750288845,"33":4.2450050136,"34":6.5075946604,"35":20.5912894664,"36":2.4857949532,"37":8.1615531787,"38":0.0,"39":3.6623703882,"40":4.5975993633,"41":15.8741133368,"42":23.8925500342,"43":248.6522643203,"44":3.318778215,"45":3.7936935962,"46":1.5555857463,"47":1.7483597072,"48":2.251558013,"49":3.0265677835,"50":2.5585170819,"51":1.8538783811,"52":1.8884992192,"53":8.5517087551,"54":0.0},"p":{"0":0.0,"1":8.541237077e-85,"2":1.343990484e-35,"3":4.805287941e-23,"4":0.0,"5":0.0,"6":0.0,"7":1.0,"8":5.509896277e-58,"9":3.21135755e-217,"10":6.707779222e-40,"11":8.887600987e-252,"12":1.09800267e-259,"13":0.0,"14":7.890860812e-154,"15":0.0,"16":5.502555835e-282,"17":2.589058235e-259,"18":2.802678299e-189,"19":0.0000286136,"20":7.849719703e-109,"21":1.960700609e-63,"22":4.744731561e-188,"23":8.491676643e-52,"24":3.893731355e-320,"25":1.67058733e-22,"26":9.583733304e-47,"27":0.0000000012,"28":6.578753086e-44,"29":0.000000807,"30":3.834241005e-53,"31":3.135567674e-48,"32":0.0,"33":0.0000052508,"34":0.0000008151,"35":0.0045225655,"36":5.041897043e-18,"37":0.0000026926,"38":1.0,"39":1.815273654e-170,"40":1.237500561e-32,"41":4.268935115e-20,"42":1.860483836e-20,"43":1.405980935e-32,"44":0.0000000175,"45":0.0000000231,"46":5.62535253e-98,"47":7.171228307e-189,