{"prime":{"0":59,"1":76,"2":616,"3":616,"4":616,"5":618,"6":618,"7":618,"8":619,"9":621,"10":621,"11":621,"12":624,"13":625,"14":628,"15":629,"16":630,"17":631,"18":634,"19":635,"20":636,"21":1112,"22":1116,"23":1116,"24":1116,"25":1116,"26":1116,"27":1179},"target":{"0":619,"1":619,"2":618,"3":619,"4":621,"5":616,"6":618,"7":619,"8":619,"9":616,"10":618,"11":619,"12":619,"13":619,"14":619,"15":619,"16":619,"17":619,"18":619,"19":625,"20":619,"21":619,"22":625,"23":631,"24":1116,"25":1175,"26":1179,"27":1179},"x1":{"0":469,"1":145,"2":565,"3":960,"4":366,"5":626,"6":926,"7":1608,"8":7839,"9":409,"10":425,"11":813,"12":780,"13":985,"14":1411,"15":344,"16":311,"17":423,"18":195,"19":12,"20":136,"21":798,"22":24,"23":20,"24":16,"25":35,"26":28,"27":2071},"n1":{"0":3147,"1":831,"2":6673,"3":6673,"4":6673,"5":8702,"6":8702,"7":8702,"8":39671,"9":2820,"10":2820,"11":2820,"12":3595,"13":3865,"14":5006,"15":1617,"16":1436,"17":2054,"18":1197,"19":193,"20":663,"21":2928,"22":173,"23":173,"24":173,"25":173,"26":173,"27":19242},"p1":{"0":0.149030823,"1":0.174488568,"2":0.0846695639,"3":0.1438633298,"4":0.0548478945,"5":0.0719374856,"6":0.106412319,"7":0.1847851069,"8":0.1976002622,"9":0.145035461,"10":0.1507092199,"11":0.2882978723,"12":0.2169680111,"13":0.254851229,"14":0.2818617659,"15":0.2127396413,"16":0.2165738162,"17":0.20593963,"18":0.1629072682,"19":0.0621761658,"20":0.2051282051,"21":0.2725409836,"22":0.1387283237,"23":0.1156069364,"24":0.0924855491,"25":0.2023121387,"26":0.161849711,"27":0.1076291446},"x2":{"0":66119,"1":66730,"2":11052,"3":65101,"4":3102,"5":8446,"6":10407,"7":64016,"8":51632,"9":8895,"10":11358,"11":65613,"12":65449,"13":65012,"14":64317,"15":66219,"16":66378,"17":66116,"18":66598,"19":7163,"20":66713,"21":65412,"22":7135,"23":3865,"24":291,"25":50428,"26":34404,"27":30312},"n2":{"0":704448,"1":708986,"2":697625,"3":697625,"4":697625,"5":693769,"6":693769,"7":693769,"8":636235,"9":705198,"10":705198,"11":705198,"12":703555,"13":703023,"14":700831,"15":707423,"16":707782,"17":706573,"18":708254,"19":710256,"20":709323,"21":704847,"22":710302,"23":710302,"24":710302,"25":710302,"26":710302,"27":673323},"p2":{"0":0.0938593054,"1":0.0941203352,"2":0.0158423222,"3":0.0933180434,"4":0.004446515,"5":0.012174081,"6":0.0150006703,"7":0.0922727882,"8":0.0811524044,"9":0.0126134788,"10":0.0161061149,"11":0.0930419542,"12":0.0930261316,"13":0.0924749261,"14":0.0917724815,"15":0.0936059472,"16":0.093783114,"17":0.0935727802,"18":0.0940312374,"19":0.0100850961,"20":0.0940516521,"21":0.092803119,"22":0.0100450231,"23":0.0054413475,"24":0.0004096849,"25":0.0709951542,"26":0.0484357358,"27":0.0450185127},"p1-p2":{"0":0.0551715176,"1":0.0803682328,"2":0.0688272417,"3":0.0505452865,"4":0.0504013795,"5":0.0597634046,"6":0.0914116488,"7":0.0925123187,"8":0.1164478578,"9":0.1324219822,"10":0.134603105,"11":0.1952559182,"12":0.1239418796,"13":0.1623763028,"14":0.1900892844,"15":0.1191336941,"16":0.1227907021,"17":0.1123668498,"18":0.0688760308,"19":0.0520910697,"20":0.1110765531,"21":0.1797378646,"22":0.1286833006,"23":0.1101655889,"24":0.0920758642,"25":0.1313169846,"26":0.1134139752,"27":0.0626106319},"OR":{"0":1.6907545656,"1":2.0343746327,"2":5.7463921965,"3":1.6326622754,"4":12.9928101747,"5":6.289588801,"6":7.8195183896,"7":2.2298547332,"8":2.7882957061,"9":13.2793987367,"10":10.8402895185,"11":3.9486764319,"12":2.7015064975,"13":3.3564360928,"14":3.884277958,"15":2.6166379983,"16":2.6712551213,"17":2.5122902452,"18":1.8750288845,"19":6.5075946604,"20":2.4857949532,"21":3.6623703882,"22":15.8741133368,"23":23.8925500342,"24":248.6522643203,"25":3.318778215,"26":3.7936935962,"27":2.5585170819},"p":{"0":4.805287941e-23,"1":0.0,"2":3.21135755e-217,"3":6.707779222e-40,"4":8.887600987e-252,"5":1.09800267e-259,"6":0.0,"7":7.890860812e-154,"8":0.0,"9":5.502555835e-282,"10":2.589058235e-259,"11":2.802678299e-189,"12":7.849719703e-109,"13":4.744731561e-188,"14":3.893731355e-320,"15":9.583733304e-47,"16":6.578753086e-44,"17":3.834241005e-53,"18":0.0,"19":0.0000008151,"20":5.041897043e-18,"21":1.815273654e-170,"22":4.268935115e-20,"23":1.860483836e-20,"24":1.405980935e-32,"25":0.0000000175,"26":0.0000000231,"27":2.394976491e-270},"num_simulated":{"0":104,"1":106,"2":104,"3":104,"4":104,"5":104,"6":104,"7":104,"8":104,"9":103,"10":103,"11":103,"12":103,"13":102,"14":104,"15":104,"16":100,"17":102,"18":101,"19":103,"20":104,"21":104,"22":104,"23":104,"24":104,"25":104,"26":104,"27":104},"num_sucess":{"0":4,"1":1,"2":0,"3":4,"4":0,"5":0,"6":0,"7":10,"8":6,"9":0,"10":0,"11":35,"12":10,"13":7,"14":6,"15":6,"16":9,"17":14,"18":1,"19":0,"20":7,"21":5,"22":2,"23":0,"24":0,"25":0,"26":4,"27":6}}